<chordsList>
   <triads>
      <customChord>
         <structure>
            <interval>MajorSecond</interval>
            <interval>Fifth</interval>
         </structure>
         <name>Trójdźwięk z sekundą zamiast tercji</name>
         <hints></hints>
         <hasInversions>false</hasInversions>
      </customChord>
      <customChord>
         <structure>
            <interval>Fourth</interval>
            <interval>Fifth</interval>
         </structure>
         <name>Trójdźwięk z kwartą zamiast tercji</name>
         <hints></hints>
         <hasInversions>false</hasInversions>
      </customChord>
      <customChord>
         <structure>
            <interval>MajorThird</interval>
            <interval>MinorSixth</interval>
         </structure>
         <name>Zwiększony</name>
         <hints></hints>
         <hasInversions>false</hasInversions>
      </customChord>
      <customChord>
         <structure>
            <interval>MinorThird</interval>
            <interval>Tritone</interval>
         </structure>
         <name>Zmniejszony</name>
         <hints></hints>
         <hasInversions>true</hasInversions>
      </customChord>
      <customChord>
         <structure>
            <interval>MinorThird</interval>
            <interval>Fifth</interval>
         </structure>
         <name>Molowy</name>
         <hints></hints>
         <hasInversions>true</hasInversions>
      </customChord>
      <customChord>
         <structure>
            <interval>MajorThird</interval>
            <interval>Fifth</interval>
         </structure>
         <name>Durowy</name>
         <hints></hints>
         <hasInversions>true</hasInversions>
      </customChord>
   </triads>
   <tetrads>
      <customChord>
         <structure>
            <interval>Fourth</interval>
            <interval>Fifth</interval>
            <interval>MinorSeventh</interval>
         </structure>
         <name>Dominanta septymowa z kwartą zamiast tercji</name>
         <hints></hints>
         <hasInversions>true</hasInversions>
      </customChord>
      <customChord>
         <structure>
            <interval>MinorThird</interval>
            <interval>Fifth</interval>
            <interval>MajorNinth</interval>
         </structure>
         <name>Molowy z noną wielką</name>
         <hints></hints>
         <hasInversions>true</hasInversions>
      </customChord>
      <customChord>
         <structure>
            <interval>MinorThird</interval>
            <interval>Fifth</interval>
            <interval>MajorSeventh</interval>
         </structure>
         <name>Molowy z septymą wielką</name>
         <hints></hints>
         <hasInversions>true</hasInversions>
      </customChord>
      <customChord>
         <structure>
            <interval>MinorThird</interval>
            <interval>Fifth</interval>
            <interval>MajorSixth</interval>
         </structure>
         <name>Molowy z sekstą wielką</name>
         <hints></hints>
         <hasInversions>true</hasInversions>
      </customChord>
      <customChord>
         <structure>
            <interval>MajorThird</interval>
            <interval>Fifth</interval>
            <interval>MajorNinth</interval>
         </structure>
         <name>Durowy z noną wielką</name>
         <hints></hints>
         <hasInversions>true</hasInversions>
      </customChord>
      <customChord>
         <structure>
            <interval>MajorThird</interval>
            <interval>MinorSixth</interval>
            <interval>MinorSeventh</interval>
         </structure>
         <name>Zwiększony z septymą małą</name>
         <hints></hints>
         <hasInversions>true</hasInversions>
      </customChord>
      <customChord>
         <structure>
            <interval>MinorThird</interval>
            <interval>Tritone</interval>
            <interval>MajorSixth</interval>
         </structure>
         <name>Czterodźwięk małotercjowy</name>
         <hints></hints>
         <hasInversions>false</hasInversions>
      </customChord>
      <customChord>
         <structure>
            <interval>MajorThird</interval>
            <interval>Fifth</interval>
            <interval>MinorSeventh</interval>
         </structure>
         <name>Dominanta septymowa</name>
         <hints></hints>
         <hasInversions>true</hasInversions>
      </customChord>
      <customChord>
         <structure>
            <interval>MajorThird</interval>
            <interval>Fifth</interval>
            <interval>MajorSixth</interval>
         </structure>
         <name>Durowy z sekstą wielką</name>
         <hints></hints>
         <hasInversions>true</hasInversions>
      </customChord>
      <customChord>
         <structure>
            <interval>MajorThird</interval>
            <interval>Fifth</interval>
            <interval>MajorSeventh</interval>
         </structure>
         <name>Durowy z septymą wielką</name>
         <hints></hints>
         <hasInversions>true</hasInversions>
      </customChord>
      <customChord>
         <structure>
            <interval>MinorThird</interval>
            <interval>Fifth</interval>
            <interval>MinorSeventh</interval>
         </structure>
         <name>Molowy z septymą małą</name>
         <hints></hints>
         <hasInversions>true</hasInversions>
      </customChord>
   </tetrads>
   <pentads>
      <customChord>
         <structure>
            <interval>Fourth</interval>
            <interval>Fifth</interval>
            <interval>MajorSixth</interval>
            <interval>MinorSeventh</interval>
         </structure>
         <name>Dominanta septymowa z sekstą wielką i kwartą zamiast tercji</name>
         <hints></hints>
         <hasInversions>true</hasInversions>
      </customChord>
      <customChord>
         <structure>
            <interval>MajorThird</interval>
            <interval>Fifth</interval>
            <interval>MinorSeventh</interval>
            <interval>PerfectEleventh</interval>
         </structure>
         <name>Dominanta septymowa z undecymą</name>
         <hints></hints>
         <hasInversions>true</hasInversions>
      </customChord>
      <customChord>
         <structure>
            <interval>MinorThird</interval>
            <interval>Fifth</interval>
            <interval>MinorSeventh</interval>
            <interval>PerfectEleventh</interval>
         </structure>
         <name>Molowy septymowy z undecymą</name>
         <hints></hints>
         <hasInversions>true</hasInversions>
      </customChord>
      <customChord>
         <structure>
            <interval>MinorThird</interval>
            <interval>Fifth</interval>
            <interval>MajorSeventh</interval>
            <interval>MajorNinth</interval>
         </structure>
         <name>Molowy z septymą wielką i noną wielką</name>
         <hints></hints>
         <hasInversions>true</hasInversions>
      </customChord>
      <customChord>
         <structure>
            <interval>MajorThird</interval>
            <interval>Fifth</interval>
            <interval>MajorSixth</interval>
            <interval>MinorSeventh</interval>
         </structure>
         <name>Dominanta septymowa z sekstą wielką</name>
         <hints></hints>
         <hasInversions>true</hasInversions>
      </customChord>
      <customChord>
         <structure>
            <interval>MajorThird</interval>
            <interval>Fifth</interval>
            <interval>MajorSixth</interval>
            <interval>MajorNinth</interval>
         </structure>
         <name>Dominanta nonowa z sekstą zamiast septymy</name>
         <hints></hints>
         <hasInversions>true</hasInversions>
      </customChord>
      <customChord>
         <structure>
            <interval>MajorThird</interval>
            <interval>Fifth</interval>
            <interval>MajorSixth</interval>
            <interval>MajorSeventh</interval>
         </structure>
         <name>Durowy z sekstą wielką i septymą wielką</name>
         <hints></hints>
         <hasInversions>true</hasInversions>
      </customChord>
      <customChord>
         <structure>
            <interval>MajorThird</interval>
            <interval>Fifth</interval>
            <interval>MinorSeventh</interval>
            <interval>MajorNinth</interval>
         </structure>
         <name>Dominanta nonowa z noną wielką</name>
         <hints></hints>
         <hasInversions>true</hasInversions>
      </customChord>
      <customChord>
         <structure>
            <interval>MinorThird</interval>
            <interval>Fifth</interval>
            <interval>MinorSeventh</interval>
            <interval>MajorNinth</interval>
         </structure>
         <name>Molowy septymowy z noną wielką</name>
         <hints></hints>
         <hasInversions>true</hasInversions>
      </customChord>
      <customChord>
         <structure>
            <interval>MajorThird</interval>
            <interval>Fifth</interval>
            <interval>MajorSeventh</interval>
            <interval>MajorNinth</interval>
         </structure>
         <name>Durowy z septymą wielką i noną wielką</name>
         <hints></hints>
         <hasInversions>true</hasInversions>
      </customChord>
   </pentads>
   <hexads>
      <customChord>
         <structure>
            <interval>MajorThird</interval>
            <interval>Fifth</interval>
            <interval>MinorSeventh</interval>
            <interval>PerfectEleventh</interval>
            <interval>MajorThirteenth</interval>
         </structure>
         <name>DOM13SUS</name>
         <hints></hints>
         <hasInversions>true</hasInversions>
      </customChord>
      <customChord>
         <structure>
            <interval>MajorThird</interval>
            <interval>Fifth</interval>
            <interval>MinorSeventh</interval>
            <interval>MajorNinth</interval>
            <interval>PerfectEleventh</interval>
         </structure>
         <name>DOM11</name>
         <hints></hints>
         <hasInversions>true</hasInversions>
      </customChord>
      <customChord>
         <structure>
            <interval>MajorThird</interval>
            <interval>Fifth</interval>
            <interval>MinorSeventh</interval>
            <interval>MajorNinth</interval>
            <interval>MajorThirteenth</interval>
         </structure>
         <name>DOM13</name>
         <hints></hints>
         <hasInversions>true</hasInversions>
      </customChord>
      <customChord>
         <structure>
            <interval>MajorThird</interval>
            <interval>Fifth</interval>
            <interval>MajorSeventh</interval>
            <interval>MajorNinth</interval>
            <interval>MajorThirteenth</interval>
         </structure>
         <name>MAJ13</name>
         <hints></hints>
         <hasInversions>true</hasInversions>
      </customChord>
      <customChord>
         <structure>
            <interval>MinorThird</interval>
            <interval>Fifth</interval>
            <interval>MinorSeventh</interval>
            <interval>MajorNinth</interval>
            <interval>PerfectEleventh</interval>
         </structure>
         <name>MIN11</name>
         <hints></hints>
         <hasInversions>true</hasInversions>
      </customChord>
   </hexads>
</chordsList>